-- MariaDB dump 10.19  Distrib 10.4.27-MariaDB, for osx10.10 (x86_64)
--
-- Host: localhost    Database: caha_pay_240728
-- ------------------------------------------------------
-- Server version	10.4.27-MariaDB

/*!40101 SET @OLD_CHARACTER_SET_CLIENT=@@CHARACTER_SET_CLIENT */;
/*!40101 SET @OLD_CHARACTER_SET_RESULTS=@@CHARACTER_SET_RESULTS */;
/*!40101 SET @OLD_COLLATION_CONNECTION=@@COLLATION_CONNECTION */;
/*!40101 SET NAMES utf8mb4 */;
/*!40103 SET @OLD_TIME_ZONE=@@TIME_ZONE */;
/*!40103 SET TIME_ZONE='+00:00' */;
/*!40014 SET @OLD_UNIQUE_CHECKS=@@UNIQUE_CHECKS, UNIQUE_CHECKS=0 */;
/*!40014 SET @OLD_FOREIGN_KEY_CHECKS=@@FOREIGN_KEY_CHECKS, FOREIGN_KEY_CHECKS=0 */;
/*!40101 SET @OLD_SQL_MODE=@@SQL_MODE, SQL_MODE='NO_AUTO_VALUE_ON_ZERO' */;
/*!40111 SET @OLD_SQL_NOTES=@@SQL_NOTES, SQL_NOTES=0 */;

--
-- Table structure for table `account_adjustments`
--

DROP TABLE IF EXISTS `account_adjustments`;
/*!40101 SET @saved_cs_client     = @@character_set_client */;
/*!40101 SET character_set_client = utf8 */;
CREATE TABLE `account_adjustments` (
  `id` int(11) NOT NULL AUTO_INCREMENT,
  `account_id` char(8) DEFAULT NULL,
  `item_code` char(4) DEFAULT NULL,
  `details` varchar(50) DEFAULT NULL,
  `adjust_date` date DEFAULT NULL,
  `flag` char(1) DEFAULT NULL,
  `amount` decimal(10,2) DEFAULT NULL,
  `created` datetime DEFAULT NULL,
  `modified` datetime DEFAULT NULL,
  PRIMARY KEY (`id`)
) ENGINE=InnoDB DEFAULT CHARSET=latin1 COLLATE=latin1_swedish_ci;
/*!40101 SET character_set_client = @saved_cs_client */;

--
-- Dumping data for table `account_adjustments`
--

LOCK TABLES `account_adjustments` WRITE;
/*!40000 ALTER TABLE `account_adjustments` DISABLE KEYS */;
/*!40000 ALTER TABLE `account_adjustments` ENABLE KEYS */;
UNLOCK TABLES;

--
-- Table structure for table `account_fees`
--

DROP TABLE IF EXISTS `account_fees`;
/*!40101 SET @saved_cs_client     = @@character_set_client */;
/*!40101 SET character_set_client = utf8 */;
CREATE TABLE `account_fees` (
  `id` int(11) NOT NULL AUTO_INCREMENT,
  `account_id` char(8) DEFAULT NULL,
  `fee_id` char(3) DEFAULT NULL,
  `due_amount` decimal(10,2) DEFAULT NULL,
  `paid_amount` decimal(10,2) DEFAULT NULL,
  `adjust_amount` decimal(10,2) DEFAULT NULL,
  `percentage` decimal(7,6) DEFAULT NULL,
  `order` int(11) DEFAULT NULL,
  `created` datetime DEFAULT NULL,
  `modified` datetime DEFAULT NULL,
  PRIMARY KEY (`id`)
) ENGINE=InnoDB DEFAULT CHARSET=latin1 COLLATE=latin1_swedish_ci;
/*!40101 SET character_set_client = @saved_cs_client */;

--
-- Dumping data for table `account_fees`
--

LOCK TABLES `account_fees` WRITE;
/*!40000 ALTER TABLE `account_fees` DISABLE KEYS */;
/*!40000 ALTER TABLE `account_fees` ENABLE KEYS */;
UNLOCK TABLES;

--
-- Table structure for table `account_histories`
--

DROP TABLE IF EXISTS `account_histories`;
/*!40101 SET @saved_cs_client     = @@character_set_client */;
/*!40101 SET character_set_client = utf8 */;
CREATE TABLE `account_histories` (
  `id` int(11) NOT NULL AUTO_INCREMENT,
  `account_id` char(8) DEFAULT NULL,
  `transac_date` date DEFAULT NULL,
  `transac_time` time DEFAULT NULL,
  `total_due` decimal(10,2) DEFAULT NULL,
  `total_paid` decimal(10,2) DEFAULT NULL,
  `balance` decimal(10,2) DEFAULT NULL,
  `booklet_id` int(11) DEFAULT NULL,
  `ref_no` char(10) DEFAULT NULL,
  `details` varchar(50) DEFAULT NULL,
  `flag` char(1) DEFAULT NULL,
  `amount` decimal(10,2) DEFAULT NULL,
  `created` datetime DEFAULT NULL,
  `modified` datetime DEFAULT NULL,
  PRIMARY KEY (`id`)
) ENGINE=InnoDB DEFAULT CHARSET=latin1 COLLATE=latin1_swedish_ci;
/*!40101 SET character_set_client = @saved_cs_client */;

--
-- Dumping data for table `account_histories`
--

LOCK TABLES `account_histories` WRITE;
/*!40000 ALTER TABLE `account_histories` DISABLE KEYS */;
/*!40000 ALTER TABLE `account_histories` ENABLE KEYS */;
UNLOCK TABLES;

--
-- Table structure for table `account_schedules`
--

DROP TABLE IF EXISTS `account_schedules`;
/*!40101 SET @saved_cs_client     = @@character_set_client */;
/*!40101 SET character_set_client = utf8 */;
CREATE TABLE `account_schedules` (
  `id` int(11) NOT NULL AUTO_INCREMENT,
  `transaction_type_id` char(5) DEFAULT NULL,
  `account_id` char(8) DEFAULT NULL,
  `bill_month` char(8) DEFAULT NULL,
  `due_amount` decimal(10,2) DEFAULT NULL,
  `paid_amount` decimal(10,2) DEFAULT 0.00,
  `due_date` date DEFAULT NULL,
  `paid_date` date DEFAULT NULL,
  `status` char(4) DEFAULT NULL COMMENT 'PAID,OVER,LATE',
  `order` int(11) DEFAULT NULL,
  `created` datetime DEFAULT NULL,
  `modified` datetime DEFAULT NULL,
  PRIMARY KEY (`id`)
) ENGINE=InnoDB DEFAULT CHARSET=latin1 COLLATE=latin1_swedish_ci;
/*!40101 SET character_set_client = @saved_cs_client */;

--
-- Dumping data for table `account_schedules`
--

LOCK TABLES `account_schedules` WRITE;
/*!40000 ALTER TABLE `account_schedules` DISABLE KEYS */;
/*!40000 ALTER TABLE `account_schedules` ENABLE KEYS */;
UNLOCK TABLES;

--
-- Table structure for table `account_transactions`
--

DROP TABLE IF EXISTS `account_transactions`;
/*!40101 SET @saved_cs_client     = @@character_set_client */;
/*!40101 SET character_set_client = utf8 */;
CREATE TABLE `account_transactions` (
  `id` int(11) NOT NULL AUTO_INCREMENT,
  `account_id` char(8) DEFAULT NULL,
  `transaction_type_id` char(5) DEFAULT NULL COMMENT 'INIPY,SBQPY',
  `ref_no` char(15) DEFAULT NULL,
  `breakdown_codes` varchar(30) NOT NULL,
  `breakdown_amounts` text NOT NULL,
  `amount` decimal(10,2) DEFAULT NULL,
  `source` varchar(20) DEFAULT NULL,
  `created` datetime DEFAULT NULL,
  `modified` datetime DEFAULT NULL,
  PRIMARY KEY (`id`)
) ENGINE=InnoDB DEFAULT CHARSET=latin1 COLLATE=latin1_swedish_ci;
/*!40101 SET character_set_client = @saved_cs_client */;

--
-- Dumping data for table `account_transactions`
--

LOCK TABLES `account_transactions` WRITE;
/*!40000 ALTER TABLE `account_transactions` DISABLE KEYS */;
/*!40000 ALTER TABLE `account_transactions` ENABLE KEYS */;
UNLOCK TABLES;

--
-- Table structure for table `accounts`
--

DROP TABLE IF EXISTS `accounts`;
/*!40101 SET @saved_cs_client     = @@character_set_client */;
/*!40101 SET character_set_client = utf8 */;
CREATE TABLE `accounts` (
  `id` char(8) NOT NULL,
  `account_type` char(10) DEFAULT NULL,
  `ref_no` char(15) NOT NULL,
  `account_details` text DEFAULT NULL,
  `payment_scheme` char(5) DEFAULT NULL COMMENT 'CASH,INSTL',
  `assessment_total` decimal(10,2) DEFAULT NULL,
  `subsidy_status` char(5) DEFAULT NULL,
  `discount_amount` decimal(10,2) DEFAULT NULL,
  `payment_total` decimal(10,2) NOT NULL,
  `old_balance` decimal(10,2) DEFAULT NULL,
  `outstanding_balance` decimal(10,2) DEFAULT NULL,
  `module_balance` decimal(10,2) DEFAULT NULL,
  `rounding_off` decimal(6,5) DEFAULT NULL,
  `created` datetime DEFAULT NULL,
  `modified` datetime DEFAULT NULL,
  PRIMARY KEY (`id`)
) ENGINE=InnoDB DEFAULT CHARSET=latin1 COLLATE=latin1_swedish_ci;
/*!40101 SET character_set_client = @saved_cs_client */;

--
-- Dumping data for table `accounts`
--

LOCK TABLES `accounts` WRITE;
/*!40000 ALTER TABLE `accounts` DISABLE KEYS */;
/*!40000 ALTER TABLE `accounts` ENABLE KEYS */;
UNLOCK TABLES;

--
-- Table structure for table `billings`
--

DROP TABLE IF EXISTS `billings`;
/*!40101 SET @saved_cs_client     = @@character_set_client */;
/*!40101 SET character_set_client = utf8 */;
CREATE TABLE `billings` (
  `id` char(12) NOT NULL,
  `account_id` char(8) DEFAULT NULL,
  `due_date` date DEFAULT NULL,
  `due_amount` decimal(10,2) DEFAULT NULL,
  `hash` varchar(100) DEFAULT NULL,
  `created` datetime DEFAULT NULL,
  PRIMARY KEY (`id`)
) ENGINE=InnoDB DEFAULT CHARSET=latin1 COLLATE=latin1_swedish_ci;
/*!40101 SET character_set_client = @saved_cs_client */;

--
-- Dumping data for table `billings`
--

LOCK TABLES `billings` WRITE;
/*!40000 ALTER TABLE `billings` DISABLE KEYS */;
/*!40000 ALTER TABLE `billings` ENABLE KEYS */;
UNLOCK TABLES;

--
-- Table structure for table `booklets`
--

DROP TABLE IF EXISTS `booklets`;
/*!40101 SET @saved_cs_client     = @@character_set_client */;
/*!40101 SET character_set_client = utf8 */;
CREATE TABLE `booklets` (
  `id` int(11) NOT NULL AUTO_INCREMENT,
  `booklet_number` int(11) DEFAULT NULL,
  `cashier_id` char(8) DEFAULT NULL,
  `series_start` int(11) DEFAULT NULL,
  `series_end` int(11) DEFAULT NULL,
  `series_counter` int(11) DEFAULT NULL,
  `status` char(5) DEFAULT NULL COMMENT 'ISSUED,ACTIVE,USED',
  `receipt_type` char(2) DEFAULT NULL COMMENT 'OR,AR,OA',
  `cashier` varchar(20) DEFAULT NULL,
  `created` datetime DEFAULT NULL,
  `modified` datetime DEFAULT NULL,
  PRIMARY KEY (`id`)
) ENGINE=InnoDB AUTO_INCREMENT=335 DEFAULT CHARSET=latin1 COLLATE=latin1_swedish_ci;
/*!40101 SET character_set_client = @saved_cs_client */;

--
-- Dumping data for table `booklets`
--

LOCK TABLES `booklets` WRITE;
/*!40000 ALTER TABLE `booklets` DISABLE KEYS */;
INSERT INTO `booklets` VALUES (1,1,'LSF12345',118101,118750,118750,'CONSM','OR','dave',NULL,'2021-02-08 09:59:23'),(3,76,'LSF12345',118751,118800,118800,'CONSM','OR',NULL,NULL,'2021-02-16 10:30:53'),(4,77,'LSF12345',118801,118850,118850,'CONSM','OR',NULL,NULL,'2021-02-22 10:08:40'),(5,78,'LSF12345',118851,118900,118900,'CONSM','OR',NULL,NULL,'2021-03-05 11:02:12'),(6,79,'LSF12345',118901,118950,118950,'CONSM','OR',NULL,NULL,'2021-03-06 13:29:44'),(7,80,'LSF12345',118951,119000,119000,'CONSM','OR',NULL,NULL,'2021-03-13 10:18:05'),(8,81,'LSF12345',119001,119050,119050,'CONSM','OR',NULL,NULL,'2021-03-16 16:07:47'),(9,82,'LSF12345',119051,119100,119100,'CONSM','OR',NULL,NULL,'2021-03-23 15:26:49'),(10,83,'LSF12345',119101,119150,119150,'CONSM','OR',NULL,NULL,'2021-04-12 09:12:58'),(11,84,'LSF12345',119151,119200,119200,'CONSM','OR',NULL,NULL,'2021-04-13 13:51:56'),(12,85,'LSF12345',119201,119250,119250,'CONSM','OR',NULL,NULL,'2021-04-15 13:17:17'),(13,86,'LSF12345',119251,119300,119300,'CONSM','OR',NULL,NULL,'2021-04-16 13:09:34'),(14,87,'LSF12345',119301,119350,119350,'CONSM','OR',NULL,NULL,'2021-04-20 08:04:10'),(15,88,'LSF12345',119351,119400,119400,'CONSM','OR',NULL,NULL,'2021-04-26 14:09:51'),(16,89,'LSF12345',119401,119450,119450,'CONSM','OR',NULL,NULL,'2021-05-05 11:21:35'),(17,90,'LSF12345',119451,119500,119500,'CONSM','OR',NULL,NULL,'2021-05-17 09:54:10'),(18,91,'LSF12345',119501,119550,119550,'CONSM','OR',NULL,NULL,'2021-05-21 15:35:04'),(19,92,'LSF12345',119551,119600,119600,'CONSM','OR',NULL,NULL,'2021-06-01 13:51:00'),(20,93,'LSF12345',119601,119650,119650,'CONSM','OR',NULL,NULL,'2021-06-14 14:56:42'),(21,94,'LSF12345',119651,119700,119700,'CONSM','OR',NULL,NULL,'2021-07-01 13:08:49'),(22,95,'LSF12345',119701,119750,119701,'ASSGN','OR',NULL,NULL,NULL),(23,96,'LSF12345',119751,119800,119751,'ASSGN','OR',NULL,NULL,NULL),(24,97,'LSF12345',119801,119850,119801,'ASSGN','OR',NULL,NULL,NULL),(25,98,'LSF12345',119851,119900,119851,'ASSGN','OR',NULL,NULL,NULL),(26,99,'LSF12345',119901,119950,119901,'ASSGN','OR',NULL,NULL,NULL),(27,100,'LSF12345',119951,120000,119951,'ASSGN','OR',NULL,NULL,NULL),(28,101,'LSF12345',120001,120050,120001,'ASSGN','OR',NULL,NULL,NULL),(29,102,'LSF12345',120051,120100,120100,'CONSM','OR',NULL,NULL,'2021-07-03 09:14:35'),(30,103,'LSF12345',120101,120150,120150,'CONSM','OR',NULL,NULL,'2021-07-07 11:17:10'),(31,104,'LSF12345',120151,120200,120200,'CONSM','OR',NULL,NULL,'2021-07-12 08:19:25'),(32,105,'LSF12345',120201,120250,120250,'CONSM','OR',NULL,NULL,'2021-07-16 10:53:46'),(33,106,'LSF12345',120251,120300,120300,'CONSM','OR',NULL,NULL,'2021-07-22 14:12:58'),(34,107,'LSF12345',120301,120350,120350,'CONSM','OR',NULL,NULL,'2021-07-27 14:45:24'),(35,108,'LSF12345',120351,120400,120400,'CONSM','OR',NULL,NULL,'2021-07-30 14:41:28'),(36,109,'LSF12345',120401,120450,120450,'CONSM','OR',NULL,NULL,'2021-08-04 10:41:48'),(37,110,'LSF12345',120451,120500,120500,'CONSM','OR',NULL,NULL,'2021-08-10 11:25:11'),(38,111,'LSF12345',120501,120550,120550,'CONSM','OR',NULL,NULL,'2021-08-18 09:01:15'),(39,112,'LSF12345',120551,120600,120600,'CONSM','OR',NULL,NULL,'2021-08-24 14:50:32'),(40,113,'LSF12345',120601,120650,120650,'CONSM','OR',NULL,NULL,'2021-08-31 13:38:50'),(41,114,'LSF12345',120651,120700,120700,'CONSM','OR',NULL,NULL,'2021-09-03 11:19:08'),(42,115,'LSF12345',120701,120750,120750,'CONSM','OR',NULL,NULL,'2021-09-07 13:03:57'),(43,116,'LSF12345',120751,120800,120800,'CONSM','OR',NULL,NULL,'2021-09-10 11:35:10'),(44,117,'LSF12345',120801,120850,120850,'CONSM','OR',NULL,NULL,'2021-09-13 09:36:05'),(45,118,'LSF12345',120851,120900,120900,'CONSM','OR',NULL,NULL,'2021-09-15 11:26:33'),(46,119,'LSF12345',120901,120950,120950,'CONSM','OR',NULL,NULL,'2021-09-18 07:58:17'),(47,120,'LSF12345',120951,121000,121000,'CONSM','OR',NULL,NULL,'2021-09-28 08:09:50'),(48,121,'LSF12345',121001,121050,121050,'CONSM','OR',NULL,NULL,'2021-10-11 09:05:56'),(49,122,'LSF12345',121051,121100,121100,'CONSM','OR',NULL,NULL,'2021-10-15 09:58:41'),(50,123,'LSF12345',121101,121150,121150,'CONSM','OR',NULL,NULL,'2021-10-18 14:39:36'),(51,124,'LSF12345',121151,121200,121200,'CONSM','OR',NULL,NULL,'2021-10-21 13:21:10'),(52,125,'LSF12345',121201,121250,121250,'CONSM','OR',NULL,NULL,'2021-10-29 11:04:25'),(53,126,'LSF12345',121251,121300,121300,'CONSM','OR',NULL,NULL,'2021-11-10 08:41:01'),(54,127,'LSF12345',121301,121350,121350,'CONSM','OR',NULL,NULL,'2021-11-10 11:14:27'),(55,128,'LSF12345',121351,121400,121400,'CONSM','OR',NULL,NULL,'2021-11-11 11:04:38'),(56,129,'LSF12345',121401,121450,121450,'CONSM','OR',NULL,NULL,'2021-11-16 10:16:33'),(57,130,'LSF12345',121451,121500,121500,'CONSM','OR',NULL,NULL,'2021-11-17 10:02:53'),(58,131,'LSF12345',121501,121550,121550,'CONSM','OR',NULL,NULL,'2021-11-17 13:44:23'),(59,132,'LSF12345',121551,121600,121600,'CONSM','OR',NULL,NULL,'2021-11-19 08:35:36'),(60,133,'LSF12345',121601,121650,121650,'CONSM','OR',NULL,NULL,'2021-11-27 12:28:55'),(61,134,'LSF12345',121651,121700,121700,'CONSM','OR',NULL,NULL,'2021-12-06 08:20:20'),(62,135,'LSF12345',121701,121750,121750,'CONSM','OR',NULL,NULL,'2021-12-11 10:19:32'),(63,136,'LSF12345',121751,121800,121800,'CONSM','OR',NULL,NULL,'2021-12-15 09:01:19'),(64,137,'LSF12345',121801,121850,121850,'CONSM','OR',NULL,NULL,'2021-12-16 11:13:13'),(65,138,'LSF12345',121851,121900,121900,'CONSM','OR',NULL,NULL,'2022-01-05 08:17:08'),(66,139,'LSF12345',121901,121950,121950,'CONSM','OR',NULL,NULL,'2022-01-11 08:15:34'),(67,140,'LSF12345',121951,122000,122000,'CONSM','OR',NULL,NULL,'2022-01-11 11:57:14'),(68,141,'LSF12345',122001,122050,122050,'CONSM','OR',NULL,NULL,'2022-01-17 09:00:59'),(69,142,'LSF12345',122051,122100,122100,'CONSM','OR',NULL,NULL,'2022-01-19 10:25:59'),(70,143,'LSF12345',122101,122150,122150,'CONSM','OR',NULL,NULL,'2022-01-20 15:08:15'),(71,144,'LSF12345',122151,122200,122200,'CONSM','OR',NULL,NULL,'2022-02-04 10:28:46'),(72,145,'LSF12345',122201,122250,122250,'CONSM','OR',NULL,NULL,'2022-02-08 09:46:14'),(73,146,'LSF12345',122251,122300,122300,'CONSM','OR',NULL,NULL,'2022-02-08 13:44:47'),(74,147,'LSF12345',122301,122350,122350,'CONSM','OR',NULL,NULL,'2022-02-09 09:13:36'),(75,148,'LSF12345',122351,122400,122400,'CONSM','OR',NULL,NULL,'2022-02-10 08:02:24'),(76,149,'LSF12345',122401,122450,122450,'CONSM','OR',NULL,NULL,'2022-02-11 14:17:13'),(77,150,'LSF12345',122451,122500,122500,'CONSM','OR',NULL,NULL,'2022-02-21 10:43:15'),(78,151,'LSF12345',122501,122550,122550,'CONSM','OR',NULL,NULL,'2022-03-03 11:26:36'),(79,152,'LSF12345',122551,122600,122600,'CONSM','OR',NULL,NULL,'2022-03-15 09:48:39'),(80,153,'LSF12345',122601,122650,122650,'CONSM','OR',NULL,NULL,'2022-03-18 09:12:35'),(81,154,'LSF12345',122651,122700,122700,'CONSM','OR',NULL,NULL,'2022-03-28 10:15:31'),(82,155,'LSF12345',122701,122750,122750,'CONSM','OR',NULL,NULL,'2022-04-07 13:47:42'),(83,156,'LSF12345',122751,122800,122800,'CONSM','OR',NULL,NULL,'2022-04-18 09:04:40'),(84,157,'LSF12345',122801,122850,122850,'CONSM','OR',NULL,NULL,'2022-04-18 11:12:57'),(85,158,'LSF12345',122851,122900,122900,'CONSM','OR',NULL,NULL,'2022-04-18 14:22:59'),(86,159,'LSF12345',122901,122950,122950,'CONSM','OR',NULL,NULL,'2022-04-19 13:21:11'),(87,160,'LSF12345',122951,123000,123000,'CONSM','OR',NULL,NULL,'2022-04-27 09:59:45'),(88,161,'LSF12345',123001,123050,123050,'CONSM','OR',NULL,NULL,'2022-05-10 14:34:20'),(89,162,'LSF12345',123051,123100,123100,'CONSM','OR',NULL,NULL,'2022-05-16 09:37:26'),(90,163,'LSF12345',123101,123150,123150,'CONSM','OR',NULL,NULL,'2022-05-19 09:32:08'),(91,164,'LSF12345',123151,123200,123200,'CONSM','OR',NULL,NULL,'2022-05-24 09:19:43'),(92,165,'LSF12345',123201,123250,123250,'CONSM','OR',NULL,NULL,'2022-06-01 08:46:37'),(93,166,'LSF12345',123251,123300,123300,'CONSM','OR',NULL,NULL,'2022-06-07 14:51:32'),(94,167,'LSF12345',123301,123350,123350,'CONSM','OR',NULL,NULL,'2022-06-10 10:08:24'),(95,168,'LSF12345',123351,123400,123400,'CONSM','OR',NULL,NULL,'2022-06-13 13:00:45'),(96,169,'LSF12345',123401,123450,123450,'CONSM','OR',NULL,NULL,'2022-06-16 08:10:44'),(97,170,'LSF12345',123451,123500,123505,'ASSGN','OR',NULL,NULL,'2022-06-17 17:09:09'),(98,171,'LSF12345',123501,123550,123550,'CONSM','OR',NULL,NULL,'2022-06-21 11:13:34'),(99,172,'LSF12345',123551,123600,123600,'CONSM','OR',NULL,NULL,'2022-06-25 11:06:21'),(100,173,'LSF12345',123601,123650,123650,'CONSM','OR',NULL,NULL,'2022-06-29 09:17:25'),(101,174,'LSF12345',123651,123700,123700,'CONSM','OR',NULL,NULL,'2022-07-01 15:33:20'),(102,175,'LSF12345',123701,123750,123750,'CONSM','OR',NULL,NULL,'2022-07-04 16:14:15'),(103,176,'LSF12345',123751,123800,123800,'CONSM','OR',NULL,NULL,'2022-07-06 15:44:32'),(104,177,'LSF12345',123801,123850,123850,'CONSM','OR',NULL,NULL,'2022-07-11 09:21:46'),(105,178,'LSF12345',123851,123900,123900,'CONSM','OR',NULL,NULL,'2022-07-11 10:45:48'),(106,179,'LSF12345',123901,123950,123950,'CONSM','OR',NULL,NULL,'2022-07-12 11:25:34'),(107,180,'LSF12345',123951,124000,124000,'CONSM','OR',NULL,NULL,'2022-07-13 10:45:40'),(108,181,'LSF12345',124001,124050,124050,'CONSM','OR',NULL,NULL,'2022-07-14 13:44:54'),(109,182,'LSF12345',124051,124100,124100,'CONSM','OR',NULL,NULL,'2022-07-15 14:43:02'),(110,183,'LSF12345',124101,124150,124150,'CONSM','OR',NULL,NULL,'2022-07-18 10:52:21'),(111,184,'LSF12345',124151,124200,124200,'CONSM','OR',NULL,NULL,'2022-07-18 15:26:26'),(112,185,'LSF12345',124201,124250,124250,'CONSM','OR',NULL,NULL,'2022-07-19 15:14:09'),(113,186,'LSF12345',124251,124300,124300,'CONSM','OR',NULL,NULL,'2022-07-20 11:34:05'),(114,187,'LSF12345',124301,124350,124350,'CONSM','OR',NULL,NULL,'2022-07-21 10:55:03'),(115,188,'LSF12345',124351,124400,124400,'CONSM','OR',NULL,NULL,'2022-07-22 11:21:56'),(116,189,'LSF12345',124401,124450,124450,'CONSM','OR',NULL,NULL,'2022-07-25 09:13:09'),(117,190,'LSF12345',124451,124500,124500,'CONSM','OR',NULL,NULL,'2022-07-25 13:31:42'),(118,191,'LSF12345',124501,124550,124550,'CONSM','OR',NULL,NULL,'2022-07-25 16:05:10'),(119,192,'LSF12345',124551,124600,124600,'CONSM','OR',NULL,NULL,'2022-07-26 11:24:50'),(120,193,'LSF12345',124601,124650,124650,'CONSM','OR',NULL,NULL,'2022-07-27 08:50:33'),(121,194,'LSF12345',124651,124700,124700,'CONSM','OR',NULL,NULL,'2022-07-27 15:20:53'),(122,195,'LSF12345',124701,124750,124750,'CONSM','OR',NULL,NULL,'2022-07-28 13:00:56'),(123,196,'LSF12345',124751,124800,124800,'CONSM','OR',NULL,NULL,'2022-07-29 08:19:47'),(124,197,'LSF12345',124801,124850,124850,'CONSM','OR',NULL,NULL,'2022-07-29 11:24:23'),(125,198,'LSF12345',124851,124900,124900,'CONSM','OR',NULL,NULL,'2022-07-29 14:33:26'),(126,199,'LSF12345',124901,124950,124950,'CONSM','OR',NULL,NULL,'2022-07-30 10:53:10'),(127,200,'LSF12345',124951,125000,125000,'CONSM','OR',NULL,NULL,'2022-08-01 10:32:18'),(128,201,'LSF12345',125001,125050,125050,'CONSM','OR',NULL,NULL,'2022-08-01 14:09:28'),(129,202,'LSF12345',125051,125100,125100,'CONSM','OR',NULL,NULL,'2022-08-02 10:52:57'),(130,203,'LSF12345',125101,125150,125150,'CONSM','OR',NULL,NULL,'2022-08-02 15:53:51'),(131,204,'LSF12345',125151,125200,125200,'CONSM','OR',NULL,NULL,'2022-08-03 14:23:30'),(132,205,'LSF12345',125201,125250,125250,'CONSM','OR',NULL,NULL,'2022-08-05 09:04:36'),(133,206,'LSF12345',125251,125300,125300,'CONSM','OR',NULL,NULL,'2022-08-08 09:50:14'),(134,207,'LSF12345',125301,125350,125350,'CONSM','OR',NULL,NULL,'2022-08-08 13:50:52'),(135,208,'LSF12345',125351,125400,125400,'CONSM','OR',NULL,NULL,'2022-08-09 15:04:37'),(136,209,'LSF12345',125401,125450,125450,'CONSM','OR',NULL,NULL,'2022-08-10 15:28:52'),(137,210,'LSF12345',125451,125500,125500,'CONSM','OR',NULL,NULL,'2022-08-12 08:45:31'),(138,211,'LSF12345',125501,125550,125550,'CONSM','OR',NULL,NULL,'2022-08-15 14:30:55'),(139,212,'LSF12345',125551,125600,125600,'CONSM','OR',NULL,NULL,'2022-08-16 15:21:34'),(140,213,'LSF12345',125601,125650,125650,'CONSM','OR',NULL,NULL,'2022-08-18 10:40:04'),(141,214,'LSF12345',125651,125700,125700,'CONSM','OR',NULL,NULL,'2022-08-19 14:17:09'),(142,215,'LSF12345',125701,125750,125750,'CONSM','OR',NULL,NULL,'2022-08-22 12:47:58'),(143,216,'LSF12345',125751,125800,125800,'CONSM','OR',NULL,NULL,'2022-08-23 11:14:07'),(144,217,'LSF12345',125801,125850,125850,'CONSM','OR',NULL,NULL,'2022-08-26 08:11:45'),(145,218,'LSF12345',125851,125900,125900,'CONSM','OR',NULL,NULL,'2022-08-30 16:13:38'),(146,219,'LSF12345',125901,125950,125950,'CONSM','OR',NULL,NULL,'2022-08-31 13:14:50'),(147,220,'LSF12345',125951,126000,126000,'CONSM','OR',NULL,NULL,'2022-09-03 11:33:46'),(148,221,'LSF12345',126001,126050,126050,'CONSM','OR',NULL,NULL,'2022-09-07 10:59:49'),(149,222,'LSF12345',126051,126100,126100,'CONSM','OR',NULL,NULL,'2022-09-08 08:35:06'),(150,223,'LSF12345',126101,126150,126150,'CONSM','OR',NULL,NULL,'2022-09-09 13:44:52'),(151,224,'LSF12345',126151,126200,126200,'CONSM','OR',NULL,NULL,'2022-09-12 13:38:21'),(152,225,'LSF12345',126201,126250,126250,'CONSM','OR',NULL,NULL,'2022-09-13 13:12:02'),(153,226,'LSF12345',126251,126300,126300,'CONSM','OR',NULL,NULL,'2022-09-14 12:04:10'),(154,227,'LSF12345',126301,126350,126350,'CONSM','OR',NULL,NULL,'2022-09-15 15:09:46'),(155,228,'LSF12345',126351,126400,126400,'CONSM','OR',NULL,NULL,'2022-09-17 09:44:45'),(156,229,'LSF12345',126401,126450,126450,'CONSM','OR',NULL,NULL,'2022-09-19 13:27:12'),(157,230,'LSF12345',126451,126500,126500,'CONSM','OR',NULL,NULL,'2022-09-21 07:33:56'),(158,231,'LSF12345',126501,126550,126550,'CONSM','OR',NULL,NULL,'2022-09-23 09:12:54'),(159,232,'LSF12345',126551,126600,126600,'CONSM','OR',NULL,NULL,'2022-09-24 17:50:28'),(160,233,'LSF12345',126601,126650,126650,'CONSM','OR',NULL,NULL,'2022-09-28 07:57:15'),(161,234,'LSF12345',126651,126700,126700,'CONSM','OR',NULL,NULL,'2022-09-29 13:17:42'),(162,235,'LSF12345',126701,126750,126750,'CONSM','OR',NULL,NULL,'2022-10-03 15:41:07'),(163,236,'LSF12345',126751,126800,126800,'CONSM','OR',NULL,NULL,'2022-10-06 08:32:31'),(164,237,'LSF12345',126801,126850,126850,'CONSM','OR',NULL,NULL,'2022-10-10 07:57:29'),(165,238,'LSF12345',126851,126900,126900,'CONSM','OR',NULL,NULL,'2022-10-10 15:49:40'),(166,239,'LSF12345',126901,126950,126950,'CONSM','OR',NULL,NULL,'2022-10-11 14:49:51'),(167,240,'LSF12345',126951,127000,127000,'CONSM','OR',NULL,NULL,'2022-10-12 14:32:39'),(168,241,'LSF12345',127001,127050,127050,'CONSM','OR',NULL,NULL,'2022-10-14 14:40:50'),(169,242,'LSF12345',127051,127100,127100,'CONSM','OR',NULL,NULL,'2022-10-17 11:26:29'),(170,243,'LSF12345',127101,127150,127150,'CONSM','OR',NULL,NULL,'2022-10-17 16:49:08'),(171,244,'LSF12345',127151,127200,127200,'CONSM','OR',NULL,NULL,'2022-10-19 08:05:42'),(172,245,'LSF12345',127201,127250,127250,'CONSM','OR',NULL,NULL,'2022-10-21 10:24:59'),(173,246,'LSF12345',127251,127300,127300,'CONSM','OR',NULL,NULL,'2022-10-24 14:18:14'),(174,247,'LSF12345',127301,127350,127350,'CONSM','OR',NULL,NULL,'2022-10-26 11:13:15'),(175,248,'LSF12345',127351,127400,127400,'CONSM','OR',NULL,NULL,'2022-11-07 11:11:22'),(176,249,'LSF12345',127401,127450,127450,'CONSM','OR',NULL,NULL,'2022-11-09 10:29:42'),(177,250,'LSF12345',127451,127500,127500,'CONSM','OR',NULL,NULL,'2022-11-14 08:45:02'),(178,251,'LSF12345',127501,127550,127550,'CONSM','OR',NULL,NULL,'2022-11-14 16:32:21'),(179,252,'LSF12345',127551,127600,127600,'CONSM','OR',NULL,NULL,'2022-11-15 16:25:54'),(180,253,'LSF12345',127601,127650,127650,'CONSM','OR',NULL,NULL,'2022-11-17 09:15:42'),(181,254,'LSF12345',127651,127700,127700,'CONSM','OR',NULL,NULL,'2022-11-21 09:28:48'),(182,255,'LSF12345',127701,127750,127750,'CONSM','OR',NULL,NULL,'2022-11-23 14:04:29'),(183,256,'LSF12345',127751,127800,127800,'CONSM','OR',NULL,NULL,'2022-11-28 07:40:49'),(184,257,'LSF12345',127801,127850,127850,'CONSM','OR',NULL,NULL,'2022-11-29 14:16:40'),(185,258,'LSF12345',127851,127900,127900,'CONSM','OR',NULL,NULL,'2022-12-01 15:14:41'),(186,259,'LSF12345',127901,127950,127950,'CONSM','OR',NULL,NULL,'2022-12-02 10:23:00'),(187,260,'LSF12345',127951,128000,128000,'CONSM','OR',NULL,NULL,'2022-12-03 09:14:23'),(188,261,'LSF12345',128001,128050,128050,'CONSM','OR',NULL,NULL,'2022-12-05 13:58:08'),(189,262,'LSF12345',128051,128100,128100,'CONSM','OR',NULL,NULL,'2022-12-07 10:17:53'),(190,263,'LSF12345',128101,128150,128150,'CONSM','OR',NULL,NULL,'2022-12-12 09:14:52'),(191,264,'LSF12345',128151,128200,128200,'CONSM','OR',NULL,NULL,'2022-12-13 12:50:04'),(192,265,'LSF12345',128201,128250,128250,'CONSM','OR',NULL,NULL,'2022-12-14 08:09:38'),(193,266,'LSF12345',128251,128300,128300,'CONSM','OR',NULL,NULL,'2022-12-15 10:11:58'),(194,267,'LSF12345',128301,128350,128350,'CONSM','OR',NULL,NULL,'2022-12-16 14:53:36'),(195,268,'LSF12345',128351,128400,128400,'CONSM','OR',NULL,NULL,'2023-01-09 11:06:03'),(196,269,'LSF12345',128401,128450,128450,'CONSM','OR',NULL,NULL,'2023-01-09 16:13:35'),(197,270,'LSF12345',128451,128500,128500,'CONSM','OR',NULL,NULL,'2023-01-10 11:20:00'),(198,271,'LSF12345',128501,128550,128550,'CONSM','OR',NULL,NULL,'2023-01-11 09:31:24'),(199,272,'LSF12345',128551,128600,128600,'CONSM','OR',NULL,NULL,'2023-01-12 13:28:18'),(200,273,'LSF12345',128601,128650,128650,'CONSM','OR',NULL,NULL,'2023-01-13 16:52:25'),(201,274,'LSF12345',128651,128700,128700,'CONSM','OR',NULL,NULL,'2023-01-16 13:35:53'),(202,275,'LSF12345',128701,128750,128750,'CONSM','OR',NULL,NULL,'2023-01-17 13:02:44'),(203,276,'LSF12345',128751,128800,128800,'CONSM','OR',NULL,NULL,'2023-01-18 13:03:12'),(204,277,'LSF12345',128801,128850,128850,'CONSM','OR',NULL,NULL,'2023-01-20 11:16:22'),(205,278,'LSF12345',128851,128900,128900,'CONSM','OR',NULL,NULL,'2023-01-23 15:40:42'),(206,279,'LSF12345',128901,128950,128950,'CONSM','OR',NULL,NULL,'2023-01-24 17:07:11'),(207,280,'LSF12345',128951,129000,129000,'CONSM','OR',NULL,NULL,'2023-01-27 09:30:32'),(208,281,'LSF12345',129001,129050,129050,'CONSM','OR',NULL,NULL,'2023-01-31 09:18:57'),(209,282,'LSF12345',129051,129100,129100,'CONSM','OR',NULL,NULL,'2023-02-01 14:14:17'),(210,283,'LSF12345',129101,129150,129150,'CONSM','OR',NULL,NULL,'2023-02-06 09:42:31'),(211,284,'LSF12345',129151,129200,129200,'CONSM','OR',NULL,NULL,'2023-02-06 15:51:45'),(212,285,'LSF12345',129201,129250,129250,'CONSM','OR',NULL,NULL,'2023-02-07 16:43:13'),(213,286,'LSF12345',129251,129300,129300,'CONSM','OR',NULL,NULL,'2023-02-11 08:03:52'),(214,287,'LSF12345',129301,129350,129350,'CONSM','OR',NULL,NULL,'2023-02-13 12:46:50'),(215,288,'LSF12345',129351,129400,129400,'CONSM','OR',NULL,NULL,'2023-02-15 07:59:01'),(216,289,'LSF12345',129401,129450,129450,'CONSM','OR',NULL,NULL,'2023-02-16 10:45:30'),(217,290,'LSF12345',129451,129500,129500,'CONSM','OR',NULL,NULL,'2023-02-20 14:51:18'),(218,291,'LSF12345',129501,129550,129550,'CONSM','OR',NULL,NULL,'2023-02-21 16:39:29'),(219,292,'LSF12345',129551,129600,129600,'CONSM','OR',NULL,NULL,'2023-02-23 13:25:36'),(220,293,'LSF12345',129601,129650,129650,'CONSM','OR',NULL,NULL,'2023-02-28 10:09:07'),(221,294,'LSF12345',129651,129700,129700,'CONSM','OR',NULL,NULL,'2023-03-01 11:59:11'),(222,295,'LSF12345',129701,129750,129750,'CONSM','OR',NULL,NULL,'2023-03-03 11:33:53'),(223,296,'LSF12345',129751,129800,129800,'CONSM','OR',NULL,NULL,'2023-03-04 10:42:57'),(224,297,'LSF12345',129801,129850,129850,'CONSM','OR',NULL,NULL,'2023-03-07 09:57:31'),(225,298,'LSF12345',129851,129900,129900,'CONSM','OR',NULL,NULL,'2023-03-13 12:58:23'),(226,299,'LSF12345',129901,129950,129950,'CONSM','OR',NULL,NULL,'2023-03-14 12:10:31'),(227,300,'LSF12345',129951,130000,130000,'CONSM','OR',NULL,NULL,'2023-03-15 07:57:17'),(228,301,'LSF12345',130001,130050,130050,'CONSM','OR',NULL,NULL,'2023-03-15 11:21:36'),(229,302,'LSF12345',130051,130100,130100,'CONSM','OR',NULL,NULL,'2023-03-16 11:59:33'),(230,303,'LSF12345',130101,130150,130150,'CONSM','OR',NULL,NULL,'2023-03-17 08:17:37'),(231,304,'LSF12345',130151,130200,130200,'CONSM','OR',NULL,NULL,'2023-03-18 10:00:25'),(232,305,'LSF12345',130201,130250,130250,'CONSM','OR',NULL,NULL,'2023-03-20 13:42:01'),(233,306,'LSF12345',130251,130300,130300,'CONSM','OR',NULL,NULL,'2023-03-21 16:58:23'),(234,307,'LSF12345',130301,130350,130350,'CONSM','OR',NULL,NULL,'2023-03-23 12:55:52'),(235,308,'LSF12345',130351,130400,130400,'CONSM','OR',NULL,NULL,'2023-03-27 15:28:32'),(236,309,'LSF12345',130401,130450,130450,'CONSM','OR',NULL,NULL,'2023-03-29 10:11:42'),(237,310,'LSF12345',130451,130500,130500,'CONSM','OR',NULL,NULL,'2023-03-31 12:39:30'),(238,311,'LSF12345',130501,130550,130550,'CONSM','OR',NULL,NULL,'2023-04-03 12:09:00'),(239,312,'LSF12345',130551,130600,130600,'CONSM','OR',NULL,NULL,'2023-04-11 08:52:06'),(240,313,'LSF12345',130601,130650,130650,'CONSM','OR',NULL,NULL,'2023-04-11 14:15:05'),(241,314,'LSF12345',130651,130700,130700,'CONSM','OR',NULL,NULL,'2023-04-14 10:18:41'),(242,315,'LSF12345',130701,130750,130750,'CONSM','OR',NULL,NULL,'2023-04-17 09:27:46'),(243,316,'LSF12345',130751,130800,130800,'CONSM','OR',NULL,NULL,'2023-04-18 15:53:35'),(244,317,'LSF12345',130801,130850,130850,'CONSM','OR',NULL,NULL,'2023-04-19 16:36:56'),(245,318,'LSF12345',130851,130900,130900,'CONSM','OR',NULL,NULL,'2023-04-24 12:35:15'),(246,319,'LSF12345',130901,130950,130950,'CONSM','OR',NULL,NULL,'2023-04-26 14:05:59'),(247,320,'LSF12345',130951,131000,131000,'CONSM','OR',NULL,NULL,'2023-05-02 10:04:46'),(248,321,'LSF12345',131001,131050,131050,'CONSM','OR',NULL,NULL,'2023-05-03 12:02:30'),(249,322,'LSF12345',131051,131100,131100,'CONSM','OR',NULL,NULL,'2023-05-08 10:37:01'),(250,323,'LSF12345',131101,131150,131150,'CONSM','OR',NULL,NULL,'2023-05-13 08:41:45'),(251,324,'LSF12345',131151,131200,131200,'CONSM','OR',NULL,NULL,'2023-05-13 11:07:27'),(252,325,'LSF12345',131201,131250,131250,'CONSM','OR',NULL,NULL,'2023-05-16 15:58:56'),(253,326,'LSF12345',131251,131300,131251,'ASSGN','OR',NULL,NULL,NULL),(254,327,'LSF12345',131301,131350,131350,'CONSM','OR',NULL,NULL,'2023-05-17 12:14:08'),(255,328,'LSF12345',131351,131400,131400,'CONSM','OR',NULL,NULL,'2023-05-20 10:26:30'),(256,329,'LSF12345',131401,131450,131450,'CONSM','OR',NULL,NULL,'2023-05-25 16:48:26'),(257,330,'LSF12345',131451,131500,131500,'CONSM','OR',NULL,NULL,'2023-05-31 09:36:21'),(258,331,'LSF12345',131501,131550,131550,'CONSM','OR',NULL,NULL,'2023-06-02 11:27:37'),(259,332,'LSF12345',131551,131600,131600,'CONSM','OR',NULL,NULL,'2023-06-05 15:05:54'),(260,333,'LSF12345',131601,131650,131650,'CONSM','OR',NULL,NULL,'2023-06-09 09:20:42'),(261,334,'LSF12345',131651,131700,131700,'CONSM','OR',NULL,NULL,'2023-06-13 09:34:54'),(262,335,'LSF12345',131701,131750,131750,'CONSM','OR',NULL,NULL,'2023-06-16 10:28:46'),(263,336,'LSF12345',131751,131800,131800,'CONSM','OR',NULL,NULL,'2023-06-21 08:26:23'),(264,337,'LSF12345',131801,131850,131850,'CONSM','OR',NULL,NULL,'2023-06-24 10:14:09'),(265,338,'LSF12345',131851,131900,131900,'CONSM','OR',NULL,NULL,'2023-06-27 12:22:30'),(266,339,'LSF12345',131901,131950,131950,'CONSM','OR',NULL,NULL,'2023-06-30 08:03:40'),(267,340,'LSF12345',131951,132000,132000,'CONSM','OR',NULL,NULL,'2023-07-01 11:47:28'),(268,341,'LSF12345',132001,132050,132050,'CONSM','OR',NULL,NULL,'2023-07-03 16:30:47'),(269,342,'LSF12345',132051,132100,132100,'CONSM','OR',NULL,NULL,'2023-07-05 11:44:15'),(270,343,'LSF12345',132101,132150,132150,'CONSM','OR',NULL,NULL,'2023-07-06 13:00:37'),(271,344,'LSF12345',132151,132200,132200,'CONSM','OR',NULL,NULL,'2023-07-10 10:14:56'),(272,345,'LSF12345',132201,132250,132250,'CONSM','OR',NULL,NULL,'2023-07-13 15:22:39'),(273,346,'LSF12345',132251,132300,132300,'CONSM','OR',NULL,NULL,'2023-07-17 13:08:11'),(274,347,'LSF12345',132301,132350,132350,'CONSM','OR',NULL,NULL,'2023-07-19 10:53:08'),(275,348,'LSF12345',132351,132400,132400,'CONSM','OR',NULL,NULL,'2023-07-21 09:18:10'),(276,349,'LSF12345',132401,132450,132450,'CONSM','OR',NULL,NULL,'2023-07-21 13:49:32'),(277,350,'LSF12346',132451,132500,132500,'CONSM','OR',NULL,NULL,'2023-07-21 17:33:44'),(278,351,'LSF12345',132501,132550,132550,'CONSM','OR',NULL,NULL,'2023-07-24 15:37:39'),(279,352,'LSF12345',132551,132600,132600,'CONSM','OR',NULL,NULL,'2023-07-27 12:06:30'),(280,353,'LSF12345',132601,132650,132650,'CONSM','OR',NULL,NULL,'2023-07-31 08:25:34'),(281,354,'LSF12345',132651,132700,132700,'CONSM','OR',NULL,NULL,'2023-08-01 14:05:14'),(282,355,'LSF12345',132701,132750,132750,'CONSM','OR',NULL,NULL,'2023-08-02 11:47:31'),(283,356,'LSF12345',132751,132800,132800,'CONSM','OR',NULL,NULL,'2023-08-03 15:45:21'),(284,357,'LSF12345',132801,132850,132850,'CONSM','OR',NULL,NULL,'2023-08-04 14:34:38'),(285,358,'LSF12345',132851,132900,132900,'CONSM','OR',NULL,NULL,'2023-08-07 11:06:20'),(286,359,'LSF12345',132901,132950,132950,'CONSM','OR',NULL,NULL,'2023-08-08 10:32:21'),(287,360,'LSF12345',132951,133000,133000,'CONSM','OR',NULL,NULL,'2023-08-08 16:01:29'),(288,361,'LSF12345',133001,133050,133050,'CONSM','OR',NULL,NULL,'2023-08-10 11:03:30'),(289,362,'LSF12345',133051,133100,133100,'CONSM','OR',NULL,NULL,'2023-08-11 11:08:45'),(290,363,'LSF12345',133101,133150,133150,'CONSM','OR',NULL,NULL,'2023-08-14 10:59:06'),(291,364,'LSF12345',133151,133200,133200,'CONSM','OR',NULL,NULL,'2023-08-15 11:44:43'),(292,365,'LSF12345',133201,133250,133250,'CONSM','OR',NULL,NULL,'2023-08-16 11:34:07'),(293,366,'LSF12345',133251,133300,133300,'CONSM','OR',NULL,NULL,'2023-08-17 12:08:10'),(294,367,'LSF12345',133301,133350,133350,'CONSM','OR',NULL,NULL,'2023-08-18 15:33:57'),(295,368,'LSF12345',133351,133400,133400,'CONSM','OR',NULL,NULL,'2023-08-22 13:27:36'),(296,369,'LSF12345',133401,133450,133450,'CONSM','OR',NULL,NULL,'2023-08-29 13:22:22'),(297,370,'LSF12345',133451,133500,133500,'CONSM','OR',NULL,NULL,'2023-09-13 13:52:19'),(298,371,'LSF12345',133501,133550,133550,'CONSM','OR',NULL,NULL,'2023-09-19 09:53:04'),(299,372,'LSF12345',133551,133600,133600,'CONSM','OR',NULL,NULL,'2023-09-26 13:03:59'),(300,373,'LSF12345',133601,133650,133650,'CONSM','OR',NULL,NULL,'2023-09-29 15:31:09'),(301,374,'LSF12345',133651,133700,133700,'CONSM','OR',NULL,NULL,'2023-10-06 15:47:32'),(302,375,'LSF12345',133701,133750,133750,'CONSM','OR',NULL,NULL,'2023-10-12 12:11:59'),(303,376,'LSF12345',133751,133800,133800,'CONSM','OR',NULL,NULL,'2023-10-17 09:19:29'),(304,377,'LSF12345',133801,133850,133850,'CONSM','OR',NULL,NULL,'2023-10-19 11:44:55'),(305,378,'LSF12345',133851,133900,133900,'CONSM','OR',NULL,NULL,'2023-10-23 08:45:53'),(306,379,'LSF12345',133901,133950,133950,'CONSM','OR',NULL,NULL,'2023-10-26 11:35:53'),(307,380,'LSF12345',133951,134000,134000,'CONSM','OR',NULL,NULL,'2023-11-07 14:15:37'),(308,381,'LSF12345',134001,134050,134050,'CONSM','OR',NULL,NULL,'2023-11-09 15:15:06'),(309,382,'LSF12345',134051,134100,134100,'CONSM','OR',NULL,NULL,'2023-11-11 12:24:43'),(310,383,'LSF12345',134101,134150,134150,'CONSM','OR',NULL,NULL,'2023-11-15 14:30:43'),(311,384,'LSF12345',134151,134200,134200,'CONSM','OR',NULL,NULL,'2023-11-18 10:50:37'),(312,385,'LSF12345',134201,134250,134250,'CONSM','OR',NULL,NULL,'2023-11-23 09:46:26'),(313,386,'LSF12345',134251,134300,134300,'CONSM','OR',NULL,NULL,'2023-11-30 13:52:18'),(314,387,'LSF12345',134301,134350,134350,'CONSM','OR',NULL,NULL,'2023-12-05 10:58:58'),(315,388,'LSF12345',134351,134400,134400,'CONSM','OR',NULL,NULL,'2023-12-07 15:52:10'),(316,389,'LSF12345',134401,134450,134450,'CONSM','OR',NULL,NULL,'2023-12-12 14:38:34'),(317,390,'LSF12345',134451,134500,134500,'CONSM','OR',NULL,NULL,'2023-12-14 08:56:55'),(318,391,'LSF12345',134501,134550,134550,'CONSM','OR',NULL,NULL,'2023-12-18 09:10:54'),(319,392,'LSF12345',134551,134600,134600,'CONSM','OR',NULL,NULL,'2024-01-09 14:30:22'),(320,393,'LSF12345',134601,134650,134650,'CONSM','OR',NULL,NULL,'2024-01-09 16:02:35'),(321,394,'LSF12345',134651,134700,134700,'CONSM','OR',NULL,NULL,'2024-01-11 14:15:57'),(322,395,'LSF12345',134701,134750,134750,'CONSM','OR',NULL,NULL,'2024-01-13 09:16:46'),(323,396,'LSF12345',134751,134800,134800,'CONSM','OR',NULL,NULL,'2024-01-15 15:14:22'),(324,397,'LSF12345',134801,134850,134850,'CONSM','OR',NULL,NULL,'2024-01-17 13:56:34'),(325,398,'SHARED',134851,134900,134900,'CONSM','OR',NULL,NULL,'2024-01-17 15:34:21'),(326,399,'SHARED',134901,134950,134950,'CONSM','OR',NULL,NULL,'2024-01-19 15:01:37'),(327,400,'SHARED',134951,135000,135000,'CONSM','OR',NULL,NULL,'2024-01-23 14:05:33'),(328,126,'LSF12346',131251,131300,131300,'CONSM','OR','E Aquino','2023-05-05 13:57:52','2023-05-17 07:59:54'),(329,127,'SHARED',131301,131350,131301,'ASSGN','OR','','2023-05-05 13:57:52','2023-05-05 13:57:52'),(330,128,'SHARED',131351,131400,131351,'ASSGN','OR','','2023-05-05 14:04:10','2023-05-05 14:04:10'),(331,129,'SHARED',131401,131450,131401,'ASSGN','OR','','2023-05-05 14:04:10','2023-05-05 14:04:10'),(332,130,'SHARED',131451,131500,131451,'ASSGN','OR','','2023-05-05 14:04:10','2023-05-05 14:04:10'),(333,NULL,NULL,NULL,NULL,132696,'CONSM',NULL,NULL,'2023-08-01 13:03:47','2023-08-01 13:03:47'),(334,400,'SHARED',135001,137000,137000,'ACTIV','OR',NULL,'2024-01-16 01:23:45','2024-01-16 01:23:45');
/*!40000 ALTER TABLE `booklets` ENABLE KEYS */;
UNLOCK TABLES;

--
-- Table structure for table `cashiers`
--

DROP TABLE IF EXISTS `cashiers`;
/*!40101 SET @saved_cs_client     = @@character_set_client */;
/*!40101 SET character_set_client = utf8 */;
CREATE TABLE `cashiers` (
  `id` char(8) DEFAULT NULL,
  `user_id` int(11) DEFAULT NULL,
  `employee_no` varchar(10) DEFAULT NULL,
  `employee_name` varchar(50) DEFAULT NULL
) ENGINE=InnoDB DEFAULT CHARSET=latin1 COLLATE=latin1_swedish_ci;
/*!40101 SET character_set_client = @saved_cs_client */;

--
-- Dumping data for table `cashiers`
--

LOCK TABLES `cashiers` WRITE;
/*!40000 ALTER TABLE `cashiers` DISABLE KEYS */;
INSERT INTO `cashiers` VALUES ('LSF12345',2,'12345','PEDRO LOPEZ'),('LSF12346',6,'12346','JUAN DELA CRUZ'),('LSF12347',8,'12346','MARIA MAKILING'),('LSF12348',9,'12346','LUCY SY');
/*!40000 ALTER TABLE `cashiers` ENABLE KEYS */;
UNLOCK TABLES;

--
-- Table structure for table `collections`
--

DROP TABLE IF EXISTS `collections`;
/*!40101 SET @saved_cs_client     = @@character_set_client */;
/*!40101 SET character_set_client = utf8 */;
CREATE TABLE `collections` (
  `id` int(11) DEFAULT NULL
) ENGINE=InnoDB DEFAULT CHARSET=latin1 COLLATE=latin1_swedish_ci;
/*!40101 SET character_set_client = @saved_cs_client */;

--
-- Dumping data for table `collections`
--

LOCK TABLES `collections` WRITE;
/*!40000 ALTER TABLE `collections` DISABLE KEYS */;
/*!40000 ALTER TABLE `collections` ENABLE KEYS */;
UNLOCK TABLES;

--
-- Table structure for table `daily_total_collections`
--

DROP TABLE IF EXISTS `daily_total_collections`;
/*!40101 SET @saved_cs_client     = @@character_set_client */;
/*!40101 SET character_set_client = utf8 */;
CREATE TABLE `daily_total_collections` (
  `id` int(11) NOT NULL AUTO_INCREMENT,
  `cashier_id` char(8) DEFAULT NULL,
  `date` date DEFAULT NULL,
  `old_account` decimal(10,2) DEFAULT NULL,
  `tuition` decimal(10,2) DEFAULT NULL,
  `module` decimal(10,2) DEFAULT NULL,
  `voucher` decimal(10,2) DEFAULT NULL,
  `other` decimal(10,2) DEFAULT NULL,
  `total` decimal(10,2) DEFAULT NULL,
  `created` timestamp NOT NULL DEFAULT current_timestamp() ON UPDATE current_timestamp(),
  PRIMARY KEY (`id`)
) ENGINE=InnoDB DEFAULT CHARSET=latin1 COLLATE=latin1_swedish_ci;
/*!40101 SET character_set_client = @saved_cs_client */;

--
-- Dumping data for table `daily_total_collections`
--

LOCK TABLES `daily_total_collections` WRITE;
/*!40000 ALTER TABLE `daily_total_collections` DISABLE KEYS */;
/*!40000 ALTER TABLE `daily_total_collections` ENABLE KEYS */;
UNLOCK TABLES;

--
-- Table structure for table `fees`
--

DROP TABLE IF EXISTS `fees`;
/*!40101 SET @saved_cs_client     = @@character_set_client */;
/*!40101 SET character_set_client = utf8 */;
CREATE TABLE `fees` (
  `id` char(3) NOT NULL COMMENT 'TUI,REG,MSC',
  `name` varchar(20) DEFAULT NULL,
  `type` char(3) DEFAULT NULL,
  `order` int(11) DEFAULT NULL,
  `created` datetime DEFAULT NULL,
  `modified` datetime DEFAULT NULL,
  PRIMARY KEY (`id`)
) ENGINE=InnoDB DEFAULT CHARSET=latin1 COLLATE=latin1_swedish_ci;
/*!40101 SET character_set_client = @saved_cs_client */;

--
-- Dumping data for table `fees`
--

LOCK TABLES `fees` WRITE;
/*!40000 ALTER TABLE `fees` DISABLE KEYS */;
INSERT INTO `fees` VALUES ('ATH','Athletics','MSC',11,NULL,NULL),('CMP','Computer','MSC',3,NULL,NULL),('CVF','Convenience Fee','MSC',19,NULL,NULL),('DEV','Development','MSC',8,NULL,NULL),('ECW','Electronic Coursewar','MSC',18,NULL,NULL),('ENR','Energy','MSC',9,NULL,NULL),('ERG','ER','DSC',2,NULL,NULL),('FPS','FPS','DSC',1,NULL,NULL),('GUI','Guidance Counceling','MSC',7,NULL,NULL),('INS','Insurance','MSC',15,NULL,NULL),('INT','Internet','MSC',12,NULL,NULL),('LIB','Library','MSC',10,NULL,NULL),('LOY','Loyalty Discount','DSC',21,NULL,NULL),('MAT','Instructional Materi','MSC',17,NULL,NULL),('MED','Medical/Dental','MSC',13,NULL,NULL),('MOD','Module & Ebooks','MOD',20,NULL,NULL),('PUB','Publication','MSC',14,NULL,NULL),('QUP','Quota Program','DSC',2,NULL,NULL),('REG','Registration','MSC',2,NULL,NULL),('SCI','Science Lab','MSC',5,NULL,NULL),('SHB','Student Handbook','MSC',16,NULL,NULL),('SID','School ID','MSC',6,NULL,NULL),('TLE','TLE','MSC',4,NULL,NULL),('TUI','Tuition & Other Fees','TF',1,NULL,NULL),('TUT','Tutorial','TUT',NULL,NULL,NULL);
/*!40000 ALTER TABLE `fees` ENABLE KEYS */;
UNLOCK TABLES;

--
-- Table structure for table `ledgers`
--

DROP TABLE IF EXISTS `ledgers`;
/*!40101 SET @saved_cs_client     = @@character_set_client */;
/*!40101 SET character_set_client = utf8 */;
CREATE TABLE `ledgers` (
  `id` int(11) NOT NULL AUTO_INCREMENT,
  `account_id` char(8) DEFAULT NULL,
  `type` char(1) DEFAULT NULL,
  `transaction_type_id` char(5) DEFAULT NULL,
  `esp` decimal(6,2) DEFAULT NULL,
  `transac_date` date DEFAULT NULL,
  `transac_time` time DEFAULT NULL,
  `ref_no` char(10) DEFAULT NULL,
  `details` text DEFAULT NULL,
  `amount` decimal(10,2) DEFAULT NULL,
  `notes` text DEFAULT NULL,
  `created` datetime DEFAULT NULL,
  PRIMARY KEY (`id`)
) ENGINE=InnoDB DEFAULT CHARSET=latin1 COLLATE=latin1_swedish_ci;
/*!40101 SET character_set_client = @saved_cs_client */;

--
-- Dumping data for table `ledgers`
--

LOCK TABLES `ledgers` WRITE;
/*!40000 ALTER TABLE `ledgers` DISABLE KEYS */;
/*!40000 ALTER TABLE `ledgers` ENABLE KEYS */;
UNLOCK TABLES;

--
-- Table structure for table `master_configs`
--

DROP TABLE IF EXISTS `master_configs`;
/*!40101 SET @saved_cs_client     = @@character_set_client */;
/*!40101 SET character_set_client = utf8 */;
CREATE TABLE `master_configs` (
  `id` int(11) NOT NULL AUTO_INCREMENT,
  `sys_key` char(20) DEFAULT NULL,
  `sys_value` text DEFAULT NULL,
  `created` datetime DEFAULT NULL,
  `modified` datetime DEFAULT NULL,
  PRIMARY KEY (`id`)
) ENGINE=InnoDB AUTO_INCREMENT=12 DEFAULT CHARSET=latin1 COLLATE=latin1_swedish_ci;
/*!40101 SET character_set_client = @saved_cs_client */;

--
-- Dumping data for table `master_configs`
--

LOCK TABLES `master_configs` WRITE;
/*!40000 ALTER TABLE `master_configs` DISABLE KEYS */;
INSERT INTO `master_configs` VALUES (1,'SCHOOL_NAME','Geriane Rainbow School Inc.','2018-06-21 06:21:23','2018-06-21 06:21:23'),(2,'SCHOOL_ALIAS','GR','2018-06-21 06:21:36','2018-06-21 06:21:36'),(3,'SCHOOL_LOGO','logo.jpg','2018-06-21 06:21:51','2018-06-21 06:21:51'),(4,'SCHOOL_ADDRESS','2804-A Mayo St. Lumingon, Tiaong, Quezon','2018-06-21 06:22:05','2018-06-21 06:22:05'),(5,'START_SY','2024','2018-06-21 06:22:18','2020-08-24 11:27:35'),(6,'ACTIVE_SY','2024','2018-06-21 06:22:28','2020-09-17 16:09:41'),(7,'DEFAULT_','{\"PRECISION\":0,\"FLOOR_GRADE\":70,\"CEIL_GRADE\":100,\"PERIOD\":{\"id\":1,\"name\":\"1st G. First Sem\",\"alias\":{\"short\":\"1st\",\"full\":\"1st Grading\",\"desc\":\"1ST\"},\"key\":\"FRSTGRDG\"},\"SEMESTER\":{\"id\":25,\"name\":\"First Semester\",\"alias\":{\"short\":\"1st\",\"full\":\"first Sem\"},\"key\":\"FRSTSEMS\",\"$$hashKey\":\"object:757\"}}',NULL,NULL),(8,'SCHOOL_ID','NA',NULL,NULL),(9,'ACTIVE_DEPT','PS',NULL,NULL),(10,'SCHOOL_COLOR','{\"r\":\"100\",\"g\":\"0\",\"b\":\"0\"}',NULL,NULL),(11,'MOD_ESP','1',NULL,NULL);
/*!40000 ALTER TABLE `master_configs` ENABLE KEYS */;
UNLOCK TABLES;

--
-- Table structure for table `master_modules`
--

DROP TABLE IF EXISTS `master_modules`;
/*!40101 SET @saved_cs_client     = @@character_set_client */;
/*!40101 SET character_set_client = utf8 */;
CREATE TABLE `master_modules` (
  `id` int(11) NOT NULL AUTO_INCREMENT,
  `name` varchar(30) DEFAULT NULL,
  `link` varchar(50) DEFAULT NULL,
  `is_parent` tinyint(1) DEFAULT NULL,
  `is_child` tinyint(1) DEFAULT NULL,
  `sequence` int(11) DEFAULT NULL,
  `icon` varchar(50) DEFAULT NULL,
  `created` datetime DEFAULT NULL,
  `modified` datetime DEFAULT NULL,
  `created_by` varchar(10) DEFAULT NULL,
  `modified_by` varchar(10) DEFAULT NULL,
  PRIMARY KEY (`id`)
) ENGINE=InnoDB AUTO_INCREMENT=23 DEFAULT CHARSET=latin1 COLLATE=latin1_swedish_ci;
/*!40101 SET character_set_client = @saved_cs_client */;

--
-- Dumping data for table `master_modules`
--

LOCK TABLES `master_modules` WRITE;
/*!40000 ALTER TABLE `master_modules` DISABLE KEYS */;
INSERT INTO `master_modules` VALUES (1,'Cashier','',1,0,1,NULL,NULL,NULL,NULL,NULL),(2,'Cashier','cashiers/index',0,1,2,'glyphicon glyphicon-usd',NULL,NULL,NULL,NULL),(3,'Booklet','',1,0,4,NULL,NULL,NULL,NULL,NULL),(4,'Booklet','booklets/list',0,1,5,'fa fa-book',NULL,NULL,NULL,NULL),(5,'Accounts','',1,0,6,NULL,NULL,NULL,NULL,NULL),(6,'Account Info','accounts/list',0,1,7,'fa fa-user',NULL,NULL,NULL,NULL),(7,'Student Ledger','soa',0,1,8,'fa fa-exchange',NULL,NULL,NULL,NULL),(8,'Admin','',1,0,9,NULL,NULL,NULL,NULL,NULL),(9,'Change Pass','admin/account_info',0,1,10,'fa fa-key',NULL,NULL,NULL,NULL),(10,'Users','admin/user_management',0,1,11,'fa fa-user-circle-o',NULL,NULL,NULL,NULL),(11,'Reports','',1,0,12,NULL,NULL,NULL,NULL,NULL),(12,'Collection Report','report/collection',0,1,13,'fa fa-pie-chart',NULL,NULL,NULL,NULL),(13,'Cashier Report','report/cashier_collection',0,1,14,'fa fa-money',NULL,NULL,NULL,NULL),(14,'Student Accounts','report/student_accounts',0,1,15,'fa fa-address-card-o',NULL,NULL,NULL,NULL),(15,'Cashier Backlog','cashiers/backlog',0,1,3,'glyphicon glyphicon-usd',NULL,NULL,NULL,NULL),(16,'Receipts','report/receipts',0,1,16,NULL,NULL,NULL,NULL,NULL),(17,'Ledger','',1,0,17,NULL,NULL,NULL,NULL,NULL),(18,'Ledger Entry','ledgers/list',0,1,18,NULL,NULL,NULL,NULL,NULL),(19,'Adjust Memo','main/adjust_memo',0,1,19,NULL,NULL,NULL,NULL,NULL),(20,'Extension Plan','main/payment_plan',0,1,20,NULL,NULL,NULL,NULL,NULL),(21,'Cashier 2','main/cashier',0,1,3,NULL,NULL,NULL,NULL,NULL),(22,'Account Info','admin/account_info',0,9,22,'fa fa-user-circle-o',NULL,NULL,NULL,NULL);
/*!40000 ALTER TABLE `master_modules` ENABLE KEYS */;
UNLOCK TABLES;

--
-- Table structure for table `pay_plan_schedules`
--

DROP TABLE IF EXISTS `pay_plan_schedules`;
/*!40101 SET @saved_cs_client     = @@character_set_client */;
/*!40101 SET character_set_client = utf8 */;
CREATE TABLE `pay_plan_schedules` (
  `id` int(11) NOT NULL AUTO_INCREMENT,
  `payment_plan_id` int(11) DEFAULT NULL,
  `pay_count` int(11) DEFAULT NULL,
  `due_date` date DEFAULT NULL,
  `due_amount` decimal(8,2) DEFAULT NULL,
  `paid_amount` decimal(8,2) DEFAULT NULL,
  `status` char(6) DEFAULT NULL,
  PRIMARY KEY (`id`)
) ENGINE=InnoDB DEFAULT CHARSET=latin1 COLLATE=latin1_swedish_ci;
/*!40101 SET character_set_client = @saved_cs_client */;

--
-- Dumping data for table `pay_plan_schedules`
--

LOCK TABLES `pay_plan_schedules` WRITE;
/*!40000 ALTER TABLE `pay_plan_schedules` DISABLE KEYS */;
/*!40000 ALTER TABLE `pay_plan_schedules` ENABLE KEYS */;
UNLOCK TABLES;

--
-- Table structure for table `payment_methods`
--

DROP TABLE IF EXISTS `payment_methods`;
/*!40101 SET @saved_cs_client     = @@character_set_client */;
/*!40101 SET character_set_client = utf8 */;
CREATE TABLE `payment_methods` (
  `id` char(4) DEFAULT NULL COMMENT 'CASH,CHCK,CARD,CHRG',
  `name` varchar(20) DEFAULT NULL,
  `description` varchar(50) DEFAULT NULL,
  `icon` varchar(15) DEFAULT NULL
) ENGINE=InnoDB DEFAULT CHARSET=latin1 COLLATE=latin1_swedish_ci;
/*!40101 SET character_set_client = @saved_cs_client */;

--
-- Dumping data for table `payment_methods`
--

LOCK TABLES `payment_methods` WRITE;
/*!40000 ALTER TABLE `payment_methods` DISABLE KEYS */;
INSERT INTO `payment_methods` VALUES ('CASH','Cash','Payment thru cash',NULL),('CHCK','Check','Payment thru check','ok'),('VCHR','Voucher','Payment thru voucher','ok');
/*!40000 ALTER TABLE `payment_methods` ENABLE KEYS */;
UNLOCK TABLES;

--
-- Table structure for table `payment_plans`
--

DROP TABLE IF EXISTS `payment_plans`;
/*!40101 SET @saved_cs_client     = @@character_set_client */;
/*!40101 SET character_set_client = utf8 */;
CREATE TABLE `payment_plans` (
  `id` int(11) NOT NULL AUTO_INCREMENT,
  `account_id` char(8) DEFAULT NULL,
  `esp` decimal(6,2) DEFAULT NULL,
  `payment_start` date DEFAULT NULL,
  `total_due` decimal(8,2) DEFAULT NULL,
  `total_payments` decimal(8,2) DEFAULT NULL,
  `total_balance` decimal(8,2) DEFAULT NULL,
  `terms` int(11) DEFAULT NULL,
  `monthly_payments` decimal(8,2) DEFAULT NULL,
  `guarantor` varchar(150) DEFAULT NULL,
  `user` varchar(20) DEFAULT NULL,
  `created` datetime DEFAULT NULL,
  `modified` datetime DEFAULT NULL,
  PRIMARY KEY (`id`)
) ENGINE=InnoDB DEFAULT CHARSET=latin1 COLLATE=latin1_swedish_ci;
/*!40101 SET character_set_client = @saved_cs_client */;

--
-- Dumping data for table `payment_plans`
--

LOCK TABLES `payment_plans` WRITE;
/*!40000 ALTER TABLE `payment_plans` DISABLE KEYS */;
/*!40000 ALTER TABLE `payment_plans` ENABLE KEYS */;
UNLOCK TABLES;

--
-- Table structure for table `payplan_ledgers`
--

DROP TABLE IF EXISTS `payplan_ledgers`;
/*!40101 SET @saved_cs_client     = @@character_set_client */;
/*!40101 SET character_set_client = utf8 */;
CREATE TABLE `payplan_ledgers` (
  `id` int(11) NOT NULL AUTO_INCREMENT,
  `account_id` char(8) DEFAULT NULL,
  `type` char(1) DEFAULT NULL,
  `transaction_type_id` char(5) DEFAULT NULL,
  `esp` decimal(6,2) DEFAULT NULL,
  `transac_date` date DEFAULT NULL,
  `transac_time` time DEFAULT NULL,
  `ref_no` char(10) DEFAULT NULL,
  `details` text DEFAULT NULL,
  `amount` decimal(10,2) DEFAULT NULL,
  `notes` text DEFAULT NULL,
  `created` datetime DEFAULT NULL,
  PRIMARY KEY (`id`)
) ENGINE=InnoDB DEFAULT CHARSET=latin1 COLLATE=latin1_swedish_ci;
/*!40101 SET character_set_client = @saved_cs_client */;

--
-- Dumping data for table `payplan_ledgers`
--

LOCK TABLES `payplan_ledgers` WRITE;
/*!40000 ALTER TABLE `payplan_ledgers` DISABLE KEYS */;
/*!40000 ALTER TABLE `payplan_ledgers` ENABLE KEYS */;
UNLOCK TABLES;

--
-- Table structure for table `remittance_booklets`
--

DROP TABLE IF EXISTS `remittance_booklets`;
/*!40101 SET @saved_cs_client     = @@character_set_client */;
/*!40101 SET character_set_client = utf8 */;
CREATE TABLE `remittance_booklets` (
  `id` int(11) NOT NULL AUTO_INCREMENT,
  `remittance_id` int(11) DEFAULT NULL,
  `booklet_no` char(8) DEFAULT NULL,
  `series_start` int(11) DEFAULT NULL,
  `series_end` int(11) DEFAULT NULL,
  `amount` decimal(10,2) DEFAULT NULL,
  PRIMARY KEY (`id`)
) ENGINE=InnoDB DEFAULT CHARSET=latin1 COLLATE=latin1_swedish_ci;
/*!40101 SET character_set_client = @saved_cs_client */;

--
-- Dumping data for table `remittance_booklets`
--

LOCK TABLES `remittance_booklets` WRITE;
/*!40000 ALTER TABLE `remittance_booklets` DISABLE KEYS */;
/*!40000 ALTER TABLE `remittance_booklets` ENABLE KEYS */;
UNLOCK TABLES;

--
-- Table structure for table `remittance_breakdowns`
--

DROP TABLE IF EXISTS `remittance_breakdowns`;
/*!40101 SET @saved_cs_client     = @@character_set_client */;
/*!40101 SET character_set_client = utf8 */;
CREATE TABLE `remittance_breakdowns` (
  `id` int(11) NOT NULL AUTO_INCREMENT,
  `remittance_id` int(11) DEFAULT NULL,
  `denomination` decimal(6,2) DEFAULT NULL,
  `quantity` int(2) DEFAULT NULL,
  `amount` decimal(10,2) DEFAULT NULL,
  `created` datetime DEFAULT NULL,
  PRIMARY KEY (`id`)
) ENGINE=InnoDB DEFAULT CHARSET=latin1 COLLATE=latin1_swedish_ci;
/*!40101 SET character_set_client = @saved_cs_client */;

--
-- Dumping data for table `remittance_breakdowns`
--

LOCK TABLES `remittance_breakdowns` WRITE;
/*!40000 ALTER TABLE `remittance_breakdowns` DISABLE KEYS */;
/*!40000 ALTER TABLE `remittance_breakdowns` ENABLE KEYS */;
UNLOCK TABLES;

--
-- Table structure for table `remittance_noncashes`
--

DROP TABLE IF EXISTS `remittance_noncashes`;
/*!40101 SET @saved_cs_client     = @@character_set_client */;
/*!40101 SET character_set_client = utf8 */;
CREATE TABLE `remittance_noncashes` (
  `id` int(11) NOT NULL AUTO_INCREMENT,
  `remittance_id` int(11) DEFAULT NULL,
  `bank_details` varchar(50) DEFAULT NULL,
  `OR` varchar(20) DEFAULT NULL,
  `check_date` date DEFAULT NULL,
  `amount` decimal(10,2) DEFAULT NULL,
  PRIMARY KEY (`id`)
) ENGINE=InnoDB DEFAULT CHARSET=latin1 COLLATE=latin1_swedish_ci;
/*!40101 SET character_set_client = @saved_cs_client */;

--
-- Dumping data for table `remittance_noncashes`
--

LOCK TABLES `remittance_noncashes` WRITE;
/*!40000 ALTER TABLE `remittance_noncashes` DISABLE KEYS */;
/*!40000 ALTER TABLE `remittance_noncashes` ENABLE KEYS */;
UNLOCK TABLES;

--
-- Table structure for table `remittances`
--

DROP TABLE IF EXISTS `remittances`;
/*!40101 SET @saved_cs_client     = @@character_set_client */;
/*!40101 SET character_set_client = utf8 */;
CREATE TABLE `remittances` (
  `id` int(11) NOT NULL AUTO_INCREMENT,
  `cashier_id` char(8) DEFAULT NULL,
  `remittance_date` date DEFAULT NULL,
  `total_collection` decimal(10,2) DEFAULT NULL,
  `created` datetime DEFAULT NULL,
  PRIMARY KEY (`id`)
) ENGINE=InnoDB DEFAULT CHARSET=latin1 COLLATE=latin1_swedish_ci;
/*!40101 SET character_set_client = @saved_cs_client */;

--
-- Dumping data for table `remittances`
--

LOCK TABLES `remittances` WRITE;
/*!40000 ALTER TABLE `remittances` DISABLE KEYS */;
/*!40000 ALTER TABLE `remittances` ENABLE KEYS */;
UNLOCK TABLES;

--
-- Table structure for table `soa_corrections`
--

DROP TABLE IF EXISTS `soa_corrections`;
/*!40101 SET @saved_cs_client     = @@character_set_client */;
/*!40101 SET character_set_client = utf8 */;
CREATE TABLE `soa_corrections` (
  `id` int(11) NOT NULL AUTO_INCREMENT,
  `account_id` char(8) DEFAULT NULL,
  `esp` decimal(6,2) DEFAULT NULL,
  `correction` char(20) DEFAULT NULL,
  `details` varchar(1000) DEFAULT NULL,
  `username` varchar(10) DEFAULT NULL,
  `hash` char(40) DEFAULT NULL,
  `created` datetime DEFAULT NULL,
  PRIMARY KEY (`id`)
) ENGINE=InnoDB DEFAULT CHARSET=latin1 COLLATE=latin1_swedish_ci;
/*!40101 SET character_set_client = @saved_cs_client */;

--
-- Dumping data for table `soa_corrections`
--

LOCK TABLES `soa_corrections` WRITE;
/*!40000 ALTER TABLE `soa_corrections` DISABLE KEYS */;
/*!40000 ALTER TABLE `soa_corrections` ENABLE KEYS */;
UNLOCK TABLES;

--
-- Table structure for table `system_logs`
--

DROP TABLE IF EXISTS `system_logs`;
/*!40101 SET @saved_cs_client     = @@character_set_client */;
/*!40101 SET character_set_client = utf8 */;
CREATE TABLE `system_logs` (
  `id` int(11) NOT NULL AUTO_INCREMENT,
  `user_id` int(11) DEFAULT NULL,
  `module` varbinary(50) DEFAULT NULL,
  `type` char(3) DEFAULT NULL,
  `details` text DEFAULT NULL,
  `created` timestamp NULL DEFAULT NULL,
  UNIQUE KEY `id` (`id`)
) ENGINE=InnoDB DEFAULT CHARSET=latin1 COLLATE=latin1_swedish_ci;
/*!40101 SET character_set_client = @saved_cs_client */;

--
-- Dumping data for table `system_logs`
--

LOCK TABLES `system_logs` WRITE;
/*!40000 ALTER TABLE `system_logs` DISABLE KEYS */;
/*!40000 ALTER TABLE `system_logs` ENABLE KEYS */;
UNLOCK TABLES;

--
-- Table structure for table `transaction_details`
--

DROP TABLE IF EXISTS `transaction_details`;
/*!40101 SET @saved_cs_client     = @@character_set_client */;
/*!40101 SET character_set_client = utf8 */;
CREATE TABLE `transaction_details` (
  `id` int(11) NOT NULL AUTO_INCREMENT,
  `transaction_id` int(11) DEFAULT NULL,
  `transaction_type_id` char(5) DEFAULT NULL COMMENT 'INIPY,SBQPY',
  `details` varchar(50) DEFAULT NULL,
  `amount` decimal(10,2) DEFAULT NULL,
  PRIMARY KEY (`id`)
) ENGINE=InnoDB DEFAULT CHARSET=latin1 COLLATE=latin1_swedish_ci;
/*!40101 SET character_set_client = @saved_cs_client */;

--
-- Dumping data for table `transaction_details`
--

LOCK TABLES `transaction_details` WRITE;
/*!40000 ALTER TABLE `transaction_details` DISABLE KEYS */;
/*!40000 ALTER TABLE `transaction_details` ENABLE KEYS */;
UNLOCK TABLES;

--
-- Table structure for table `transaction_payments`
--

DROP TABLE IF EXISTS `transaction_payments`;
/*!40101 SET @saved_cs_client     = @@character_set_client */;
/*!40101 SET character_set_client = utf8 */;
CREATE TABLE `transaction_payments` (
  `id` int(11) NOT NULL AUTO_INCREMENT,
  `transaction_id` int(11) DEFAULT NULL,
  `payment_method_id` char(4) DEFAULT NULL COMMENT 'CASH,CHCK,CARD,CHCK',
  `details` varchar(50) DEFAULT NULL,
  `valid_on` date DEFAULT NULL,
  `amount` decimal(10,2) DEFAULT NULL,
  PRIMARY KEY (`id`)
) ENGINE=InnoDB DEFAULT CHARSET=latin1 COLLATE=latin1_swedish_ci;
/*!40101 SET character_set_client = @saved_cs_client */;

--
-- Dumping data for table `transaction_payments`
--

LOCK TABLES `transaction_payments` WRITE;
/*!40000 ALTER TABLE `transaction_payments` DISABLE KEYS */;
/*!40000 ALTER TABLE `transaction_payments` ENABLE KEYS */;
UNLOCK TABLES;

--
-- Table structure for table `transaction_types`
--

DROP TABLE IF EXISTS `transaction_types`;
/*!40101 SET @saved_cs_client     = @@character_set_client */;
/*!40101 SET character_set_client = utf8 */;
CREATE TABLE `transaction_types` (
  `id` char(5) NOT NULL COMMENT 'INIPY,SBQPY',
  `name` varchar(50) DEFAULT NULL,
  `type` varchar(15) NOT NULL,
  `default_amount` decimal(10,2) DEFAULT 0.00,
  `charge` tinyint(1) DEFAULT 0,
  `pay` tinyint(1) DEFAULT 0,
  `is_ledger` tinyint(1) DEFAULT 0,
  `is_fixed` tinyint(1) DEFAULT 0,
  `is_tuition` tinyint(1) DEFAULT 0,
  `is_show_always` tinyint(1) DEFAULT 0,
  `is_quantity` tinyint(1) DEFAULT NULL,
  `is_specify` tinyint(1) DEFAULT NULL,
  `created` datetime DEFAULT NULL,
  `modified` datetime DEFAULT NULL,
  PRIMARY KEY (`id`)
) ENGINE=InnoDB DEFAULT CHARSET=latin1 COLLATE=latin1_swedish_ci;
/*!40101 SET character_set_client = @saved_cs_client */;

--
-- Dumping data for table `transaction_types`
--

LOCK TABLES `transaction_types` WRITE;
/*!40000 ALTER TABLE `transaction_types` DISABLE KEYS */;
/*!40000 ALTER TABLE `transaction_types` ENABLE KEYS */;
UNLOCK TABLES;

--
-- Table structure for table `transactions`
--

DROP TABLE IF EXISTS `transactions`;
/*!40101 SET @saved_cs_client     = @@character_set_client */;
/*!40101 SET character_set_client = utf8 */;
CREATE TABLE `transactions` (
  `id` int(11) NOT NULL AUTO_INCREMENT,
  `type` char(15) DEFAULT NULL,
  `status` char(15) DEFAULT NULL,
  `booklet_id` int(11) DEFAULT NULL,
  `ref_no` char(10) DEFAULT NULL,
  `amount` decimal(10,2) DEFAULT NULL,
  `esp` decimal(6,2) DEFAULT NULL,
  `transac_date` date DEFAULT NULL,
  `transac_time` time DEFAULT NULL,
  `account_id` char(8) DEFAULT NULL,
  `cashier` varchar(15) DEFAULT NULL,
  `created` datetime DEFAULT NULL,
  `modified` datetime DEFAULT NULL,
  PRIMARY KEY (`id`)
) ENGINE=InnoDB DEFAULT CHARSET=latin1 COLLATE=latin1_swedish_ci;
/*!40101 SET character_set_client = @saved_cs_client */;

--
-- Dumping data for table `transactions`
--

LOCK TABLES `transactions` WRITE;
/*!40000 ALTER TABLE `transactions` DISABLE KEYS */;
/*!40000 ALTER TABLE `transactions` ENABLE KEYS */;
UNLOCK TABLES;

--
-- Table structure for table `user_grants`
--

DROP TABLE IF EXISTS `user_grants`;
/*!40101 SET @saved_cs_client     = @@character_set_client */;
/*!40101 SET character_set_client = utf8 */;
CREATE TABLE `user_grants` (
  `id` int(11) NOT NULL AUTO_INCREMENT,
  `user_type_id` char(5) DEFAULT NULL,
  `master_module_id` int(11) DEFAULT NULL,
  `created` datetime DEFAULT NULL,
  `modified` datetime DEFAULT NULL,
  PRIMARY KEY (`id`),
  KEY `FK_grn_usr` (`user_type_id`),
  KEY `FK_grn_mod` (`master_module_id`)
) ENGINE=InnoDB AUTO_INCREMENT=45 DEFAULT CHARSET=latin1 COLLATE=latin1_swedish_ci;
/*!40101 SET character_set_client = @saved_cs_client */;

--
-- Dumping data for table `user_grants`
--

LOCK TABLES `user_grants` WRITE;
/*!40000 ALTER TABLE `user_grants` DISABLE KEYS */;
INSERT INTO `user_grants` VALUES (1,'admin',1,NULL,NULL),(2,'admin',2,NULL,NULL),(3,'admin',3,NULL,NULL),(4,'admin',4,NULL,NULL),(5,'admin',5,NULL,NULL),(6,'admin',6,NULL,NULL),(7,'admin',7,NULL,NULL),(8,'admin',8,NULL,NULL),(9,'admin',9,NULL,NULL),(10,'admin',10,NULL,NULL),(11,'admin',11,NULL,NULL),(12,'admin',12,NULL,NULL),(13,'admin',13,NULL,NULL),(14,'admin',14,NULL,NULL),(15,'admin',15,NULL,NULL),(16,'cashr',1,NULL,NULL),(18,'cashr',8,NULL,NULL),(19,'cashr',9,NULL,NULL),(20,'cashr',11,NULL,NULL),(21,'cashr',13,NULL,NULL),(22,'cashr',14,NULL,NULL),(23,'money',9,NULL,NULL),(24,'money',11,NULL,NULL),(25,'money',16,NULL,NULL),(26,'money',15,NULL,NULL),(27,'money',1,NULL,NULL),(28,'money',14,NULL,NULL),(29,'admin',17,NULL,NULL),(30,'admin',18,NULL,NULL),(31,'admin',16,NULL,NULL),(32,'money',5,NULL,NULL),(33,'money',7,NULL,NULL),(34,'money',17,NULL,NULL),(35,'money',18,NULL,NULL),(36,'money',12,NULL,NULL),(37,'cashr',7,NULL,NULL),(38,'asstn',7,NULL,NULL),(39,'admin',19,NULL,NULL),(40,'admin',20,NULL,NULL),(41,'cashr',21,NULL,NULL),(42,'admin',21,NULL,NULL),(43,'money',20,NULL,NULL),(44,'money',22,NULL,NULL);
/*!40000 ALTER TABLE `user_grants` ENABLE KEYS */;
UNLOCK TABLES;

--
-- Table structure for table `user_types`
--

DROP TABLE IF EXISTS `user_types`;
/*!40101 SET @saved_cs_client     = @@character_set_client */;
/*!40101 SET character_set_client = utf8 */;
CREATE TABLE `user_types` (
  `id` char(5) NOT NULL,
  `name` varchar(50) DEFAULT NULL,
  `created` datetime DEFAULT NULL,
  `modified` datetime DEFAULT NULL,
  PRIMARY KEY (`id`)
) ENGINE=InnoDB DEFAULT CHARSET=latin1 COLLATE=latin1_swedish_ci;
/*!40101 SET character_set_client = @saved_cs_client */;

--
-- Dumping data for table `user_types`
--

LOCK TABLES `user_types` WRITE;
/*!40000 ALTER TABLE `user_types` DISABLE KEYS */;
INSERT INTO `user_types` VALUES ('admin','Admin',NULL,NULL),('asstn','Assistant',NULL,NULL),('cashr','Cashier',NULL,NULL),('money','Finance',NULL,NULL);
/*!40000 ALTER TABLE `user_types` ENABLE KEYS */;
UNLOCK TABLES;

--
-- Table structure for table `users`
--

DROP TABLE IF EXISTS `users`;
/*!40101 SET @saved_cs_client     = @@character_set_client */;
/*!40101 SET character_set_client = utf8 */;
CREATE TABLE `users` (
  `id` int(11) NOT NULL AUTO_INCREMENT,
  `user_type_id` char(5) DEFAULT NULL,
  `username` varchar(15) DEFAULT NULL,
  `password` varchar(50) DEFAULT NULL,
  `status` char(5) DEFAULT NULL,
  `login_failed` int(11) DEFAULT NULL,
  `ip_failed` varchar(20) DEFAULT NULL,
  `login_success` int(11) DEFAULT NULL,
  `ip_success` varchar(20) DEFAULT NULL,
  `password_changed` datetime DEFAULT NULL,
  `created` datetime DEFAULT NULL,
  `modified` datetime DEFAULT NULL,
  PRIMARY KEY (`id`)
) ENGINE=InnoDB AUTO_INCREMENT=12 DEFAULT CHARSET=latin1 COLLATE=latin1_swedish_ci;
/*!40101 SET character_set_client = @saved_cs_client */;

--
-- Dumping data for table `users`
--

LOCK TABLES `users` WRITE;
/*!40000 ALTER TABLE `users` DISABLE KEYS */;
INSERT INTO `users` VALUES (1,'admin','admin','7bd4d86623e96d68bd693971733cc437163eb4cb','ACTIV',28,'::1',954,'::1',NULL,NULL,'2020-10-09 10:22:46'),(2,'cashr','cashier','7bd4d86623e96d68bd693971733cc437163eb4cb','ACTIV',877,'175.176.50.92',9313,'175.176.50.92',NULL,NULL,'2024-01-18 10:13:42'),(3,'money','finance','ace612ac990cacdbf7ba2704f86c7f1c23cf52b6','ACTIV',117,'122.2.33.122',702,'122.2.33.122','2023-01-13 14:47:34',NULL,'2020-11-06 14:14:29'),(4,'cashr','cloyola','c3c0035f60d262a0782a3268a5c54b968667f12e','ACTIV',3,'122.54.89.176',3,'122.54.89.176',NULL,'2022-05-23 07:30:58','2022-05-23 07:30:58'),(5,'asstn','jtomines','f05d44a6248f8378cb4930c803ee9136f635244a','ACTIV',2,'136.158.46.185',2,'136.158.46.185',NULL,'2022-09-05 09:02:43','2022-09-05 09:02:43'),(6,'cashr','eaquino','4d053c661b4c068aa32e91c72929016278226c54','ACTIV',67,'122.2.33.122',1134,'122.2.33.122','2023-08-17 13:35:20','2023-01-27 10:20:41','2023-01-27 10:20:41'),(7,'money','dave','7bd4d86623e96d68bd693971733cc437163eb4cb','ARCVD',33,'103.36.18.114',594,'103.36.18.114','2023-05-16 17:39:04','2023-01-27 10:20:41','2024-01-17 15:42:57'),(8,'cashr','pevelarde','cf54c412fcb4ab0f05b0c1bb5d0b81875b04e40f','ACTIV',4,'122.2.33.122',1804,'122.2.33.122',NULL,'2024-01-17 15:32:20','2024-01-17 15:32:20'),(9,'cashr','algalvan','7eeb9d4df7aa8fbfa23ee31bc8036f07182ca120','ACTIV',NULL,NULL,284,'136.158.30.31','2024-01-19 12:10:55','2024-01-17 15:32:43','2024-01-17 15:32:43'),(10,'money','ayango','649636dc7ed74d81763121615fd52df216e2e17e','ACTIV',7,'122.2.33.122',11,'122.2.33.122','2024-04-13 11:38:57','2024-03-19 10:35:11','2024-03-19 10:35:11'),(11,'cashr','cashier1','7bd4d86623e96d68bd693971733cc437163eb4cb','ACTIV',876,'175.176.50.92',9313,'175.176.50.92',NULL,NULL,'2024-01-18 10:13:42');
/*!40000 ALTER TABLE `users` ENABLE KEYS */;
UNLOCK TABLES;

--
-- Table structure for table `voucher_ledgers`
--

DROP TABLE IF EXISTS `voucher_ledgers`;
/*!40101 SET @saved_cs_client     = @@character_set_client */;
/*!40101 SET character_set_client = utf8 */;
CREATE TABLE `voucher_ledgers` (
  `id` int(11) NOT NULL AUTO_INCREMENT,
  `account_id` char(8) DEFAULT NULL,
  `type` char(1) DEFAULT NULL,
  `transaction_type_id` char(5) DEFAULT NULL,
  `esp` decimal(6,2) DEFAULT NULL,
  `transac_date` date DEFAULT NULL,
  `transac_time` time DEFAULT NULL,
  `ref_no` char(10) DEFAULT NULL,
  `details` text DEFAULT NULL,
  `amount` decimal(10,2) DEFAULT NULL,
  `created` datetime DEFAULT NULL,
  PRIMARY KEY (`id`)
) ENGINE=InnoDB DEFAULT CHARSET=latin1 COLLATE=latin1_swedish_ci;
/*!40101 SET character_set_client = @saved_cs_client */;

--
-- Dumping data for table `voucher_ledgers`
--

LOCK TABLES `voucher_ledgers` WRITE;
/*!40000 ALTER TABLE `voucher_ledgers` DISABLE KEYS */;
/*!40000 ALTER TABLE `voucher_ledgers` ENABLE KEYS */;
UNLOCK TABLES;

--
-- Table structure for table `vouchers`
--

DROP TABLE IF EXISTS `vouchers`;
/*!40101 SET @saved_cs_client     = @@character_set_client */;
/*!40101 SET character_set_client = utf8 */;
CREATE TABLE `vouchers` (
  `id` int(11) NOT NULL AUTO_INCREMENT,
  `account_id` char(8) DEFAULT NULL,
  `voucher_no` char(15) DEFAULT NULL,
  `esp` decimal(6,2) DEFAULT NULL,
  `amount` decimal(10,2) DEFAULT NULL,
  `available_balance` decimal(10,2) DEFAULT NULL,
  `issue_date` date DEFAULT NULL,
  `status` char(5) DEFAULT NULL,
  `created` datetime DEFAULT NULL,
  PRIMARY KEY (`id`)
) ENGINE=InnoDB DEFAULT CHARSET=latin1 COLLATE=latin1_swedish_ci;
/*!40101 SET character_set_client = @saved_cs_client */;

--
-- Dumping data for table `vouchers`
--

LOCK TABLES `vouchers` WRITE;
/*!40000 ALTER TABLE `vouchers` DISABLE KEYS */;
/*!40000 ALTER TABLE `vouchers` ENABLE KEYS */;
UNLOCK TABLES;

--
-- Dumping routines for database 'caha_pay_240728'
--
